symbol,name
sh603083,剑桥科技
sz002624,完美世界
sh601021,春秋航空
sz002607,中公教育
sz002555,三七互娱
sz002896,中大力德
sh600111,北方稀土
sh600585,海螺水泥
hk09992,泡泡玛特
sz001298,好上好
sh601169,北京银行
sz002966,苏州银行
sh688981,中芯国际
sz430090,同辉信息
sz300399,天利科技
sz123184,天阳转债
sz889866,路桥信息
sz300368,汇金股份
sh603093,南华期货
sh601869,长飞光纤
hk02357,中航科工
sz300085,银之杰
hk09880,优必选
hk09636,九方智投控股
sz837592,华信永道
sz002229,鸿博股份
sh600986,浙文互联
sz300750,宁德时代
sz002594,比亚迪
sh601611,中国核建
sh600030,中信证券
sz002409,雅克科技
sz002387,维信诺
sh688036,传音控股
sh600004,白云机场
sz300251,光线传媒
sz000803,富岭股份
sh688256,寒武纪
hk01448,福寿园
sh601088,中国神华
sz000157,中联重科
sz000425,徐工机械
sh600031,三一重工
sh600415,小商品城
sh600875,东方电气
sh601985,中国核电
sh600633,浙数文化
sz300463,迈克生物
sh600900,长江电力
sh601899,紫金矿业
sh600095,湘财股份
sh600009,上海机场
sz002379,ST华通
sh600258,首旅酒店
sz000063,中兴通讯
sz002959,小熊电器
sh601696,中银证券
sh600155,华创云信
sz002241,歌尔股份
sz300706,阿石创
sz002488,金固股份
sz002670,国盛金控
sz002185,华天科技
sh600703,三安光电
sz002402,和而泰
sh600115,中国东航
sh601162,天风证券
sh603195,公牛集团
sh600114,东睦股份
sz000636,风华高科
sh603258,电魂网络
sh603005,晶方科技
sz002659,凯文教育
sh603866,桃李面包
sh603096,新经典
sh603345,安井食品
sz000651,格力电器
sh603444,吉比特
sz300418,昆仑万维
sh601099,太平洋
hk2331,李宁
hk1810,小米集团-W
hk1113,长实集团
hk2105,蜜雪集团
hk700,腾讯控股
